"2024-09-09 12:22:43,814",HWClient,INFO,"ONLINE"
"2024-09-09 15:13:23,319",HWClient,INFO,"ONLINE"
"2024-09-09 15:13:23,772",HWClient,INFO,"ONLINE"
"2024-09-09 15:13:23,772",HWClient,INFO,"ONLINE"
"2024-09-10 08:24:44,325",HWClient,INFO,"ONLINE"
"2024-09-10 08:24:44,685",HWClient,INFO,"ONLINE"
"2024-09-10 08:24:44,685",HWClient,INFO,"ONLINE"
"2024-09-10 11:23:51,399",HWClient,INFO,"ONLINE"
"2024-09-10 11:23:51,711",HWClient,INFO,"ONLINE"
"2024-09-10 11:23:51,711",HWClient,INFO,"ONLINE"
"2024-09-10 11:29:44,655",HWClient,INFO,"ONLINE"
"2024-09-10 11:29:44,967",HWClient,INFO,"ONLINE"
"2024-09-10 11:29:44,967",HWClient,INFO,"ONLINE"
"2024-09-10 11:36:13,393",HWClient,INFO,"ONLINE"
"2024-09-10 11:36:13,690",HWClient,INFO,"ONLINE"
"2024-09-10 11:36:13,690",HWClient,INFO,"ONLINE"
"2024-09-10 11:52:35,019",HWClient,INFO,"ONLINE"
"2024-09-10 11:52:35,378",HWClient,INFO,"ONLINE"
"2024-09-10 11:52:35,378",HWClient,INFO,"ONLINE"
"2024-09-10 11:58:33,403",HWClient,INFO,"ONLINE"
"2024-09-10 11:58:33,622",HWClient,INFO,"ONLINE"
"2024-09-10 11:58:33,622",HWClient,INFO,"ONLINE"
"2024-09-11 11:57:35,655",HWClient,INFO,"ONLINE"
"2024-09-11 11:57:36,046",HWClient,INFO,"ONLINE"
"2024-09-11 11:57:36,046",HWClient,INFO,"ONLINE"
"2024-09-11 12:09:18,988",HWClient,INFO,"ONLINE"
"2024-09-11 12:09:19,473",HWClient,INFO,"ONLINE"
"2024-09-11 12:09:19,473",HWClient,INFO,"ONLINE"
"2024-09-11 12:14:23,976",HWClient,INFO,"ONLINE"
"2024-09-11 12:14:24,163",HWClient,INFO,"ONLINE"
"2024-09-11 12:14:24,163",HWClient,INFO,"ONLINE"
"2024-09-11 12:17:19,608",HWClient,INFO,"ONLINE"
"2024-09-11 12:17:19,780",HWClient,INFO,"ONLINE"
"2024-09-11 12:17:19,780",HWClient,INFO,"ONLINE"
"2024-09-11 12:22:35,286",HWClient,INFO,"ONLINE"
"2024-09-11 12:22:35,443",HWClient,INFO,"ONLINE"
"2024-09-11 12:22:35,443",HWClient,INFO,"ONLINE"
"2024-09-11 12:28:48,368",HWClient,INFO,"ONLINE"
"2024-09-11 12:28:48,681",HWClient,INFO,"ONLINE"
"2024-09-11 12:28:48,681",HWClient,INFO,"ONLINE"
"2024-09-11 12:43:53,928",HWClient,INFO,"ONLINE"
"2024-09-11 12:43:54,350",HWClient,INFO,"ONLINE"
"2024-09-11 12:43:54,350",HWClient,INFO,"ONLINE"
"2024-09-11 12:45:36,919",HWClient,INFO,"ONLINE"
"2024-09-11 12:45:37,059",HWClient,INFO,"ONLINE"
"2024-09-11 12:45:37,059",HWClient,INFO,"ONLINE"
"2024-09-13 10:27:24,660",HWClient,INFO,"ONLINE"
"2024-09-13 10:27:25,098",HWClient,INFO,"ONLINE"
"2024-09-13 10:27:25,098",HWClient,INFO,"ONLINE"
"2024-09-13 10:40:20,111",HWClient,INFO,"ONLINE"
"2024-09-13 10:40:20,455",HWClient,INFO,"ONLINE"
"2024-09-13 10:40:20,455",HWClient,INFO,"ONLINE"
"2024-09-13 10:46:00,729",HWClient,INFO,"ONLINE"
"2024-09-13 10:46:00,948",HWClient,INFO,"ONLINE"
"2024-09-13 10:46:00,948",HWClient,INFO,"ONLINE"
"2024-09-13 11:06:43,428",HWClient,INFO,"ONLINE"
"2024-09-13 11:06:43,787",HWClient,INFO,"ONLINE"
"2024-09-13 11:06:43,787",HWClient,INFO,"ONLINE"
"2024-09-13 11:13:55,896",HWClient,INFO,"ONLINE"
"2024-09-13 11:13:56,099",HWClient,INFO,"ONLINE"
"2024-09-13 11:13:56,099",HWClient,INFO,"ONLINE"
"2024-09-13 11:19:36,281",HWClient,INFO,"ONLINE"
"2024-09-13 11:19:36,500",HWClient,INFO,"ONLINE"
"2024-09-13 11:19:36,500",HWClient,INFO,"ONLINE"
"2024-09-13 11:23:03,798",HWClient,INFO,"ONLINE"
"2024-09-13 11:23:03,923",HWClient,INFO,"ONLINE"
"2024-09-13 11:23:03,923",HWClient,INFO,"ONLINE"
"2024-09-13 11:25:15,921",HWClient,INFO,"ONLINE"
"2024-09-13 11:25:16,046",HWClient,INFO,"ONLINE"
"2024-09-13 11:25:16,046",HWClient,INFO,"ONLINE"
"2024-09-13 11:31:44,501",HWClient,INFO,"ONLINE"
"2024-09-13 11:31:44,642",HWClient,INFO,"ONLINE"
"2024-09-13 11:31:44,642",HWClient,INFO,"ONLINE"
"2024-09-13 11:46:30,189",HWClient,INFO,"ONLINE"
"2024-09-13 11:49:54,573",HWClient,INFO,"ONLINE"
